<?xml version="1.0" encoding="UTF-8"?>
<!DOCTYPE mapper
  PUBLIC "-//mybatis.org//DTD Mapper 3.0//EN"
  "http://mybatis.org/dtd/mybatis-3-mapper.dtd">

<mapper namespace="com.ini.board.mapper.BoardMapper">

    <!-- 게시글 작성 -->
    <insert id="insertPost" parameterType="com.ini.board.vo.BoardDTO">
        INSERT INTO ini_board (
            board_id, board_title, board_content, user_id, board_views,
            board_category, board_write_date, board_update_date, board_tag
        ) VALUES (
            post_seq.NEXTVAL, #{board_title}, #{board_content}, #{user_id}, #{board_views},
            #{board_category}, #{board_write_date}, #{board_update_date}, #{board_tag}
        )
    </insert>

    <!-- 게시글 목록 조회 -->
    <select id="getPostList" resultType="com.ini.board.vo.BoardListDTO">
        SELECT
            b.board_id,
            b.board_title,
            c.board_category_jp AS category_name,
            h.board_tag_jp AS tag_name,
            u.user_id,
            u.user_nickname,
            b.board_views,
            b.board_write_date,
            NVL(l.like_count, 0) AS like_count,
            NVL(r.reply_count, 0) AS reply_count
        FROM ini_board b
        JOIN ini_user u ON b.user_id = u.user_id
        LEFT JOIN board_category c ON b.board_category = c.board_category
        LEFT JOIN board_tag h ON b.board_tag = h.board_tag
        LEFT JOIN (
            SELECT board_id, COUNT(*) AS like_count
            FROM board_like
            GROUP BY board_id
        ) l ON b.board_id = l.board_id
        LEFT JOIN (
            SELECT board_id, COUNT(*) AS reply_count
            FROM board_reply
            GROUP BY board_id
        ) r ON b.board_id = r.board_id
        <where>
            <if test="keyword != null and keyword != ''">
                AND (b.board_title LIKE '%' || #{keyword} || '%' OR b.board_content LIKE '%' || #{keyword} || '%')
            </if>
            <if test="category != null and category != ''">
                AND b.board_category = #{category}
            </if>
            <if test="tag != null and tag != ''">
                AND b.board_tag = #{tag}
            </if>
        </where>
        ORDER BY b.board_write_date DESC
        OFFSET #{offset} ROWS FETCH NEXT #{limit} ROWS ONLY
    </select>

    <!-- 게시글 전체 개수 -->
    <select id="getPostCount" resultType="int">
        SELECT COUNT(*)
        FROM ini_board b
        <where>
            <if test="keyword != null and keyword != ''">
                AND (b.board_title LIKE '%' || #{keyword} || '%' OR b.board_content LIKE '%' || #{keyword} || '%')
            </if>
            <if test="category != null and category != ''">
                AND b.board_category = #{category}
            </if>
            <if test="tag != null and tag != ''">
                AND b.board_tag = #{tag}
            </if>
        </where>
    </select>

    <!-- 게시글 상세 조회 -->
    <select id="selectPostById" parameterType="int" resultType="com.ini.board.vo.BoardDetailDTO">
        SELECT 
            b.board_id,
            b.board_title,
            b.board_content,
            b.user_id,
            u.user_nickname,
            b.board_views,
            b.board_category,
            c.board_category_jp AS category_name,
            b.board_tag,
            t.board_tag_jp AS tag_name,
            b.board_write_date
        FROM ini_board b
        LEFT JOIN ini_user u ON b.user_id = u.user_id
        LEFT JOIN board_category c ON b.board_category = c.board_category
        LEFT JOIN board_tag t ON b.board_tag = t.board_tag
        WHERE b.board_id = #{id}
    </select>

    <!-- 전체 말머리(태그) 목록 -->
    <select id="selectAllBoardTags" resultType="com.ini.board.vo.BoardTagVO">
        SELECT
            board_tag AS tagId,
            board_tag_jp AS tagName
        FROM board_tag
        ORDER BY board_tag_jp
    </select>

    <!-- 전체 카테고리 목록 -->
    <select id="selectAllBoardCategories" resultType="com.ini.board.vo.BoardCategoryVO">
        SELECT
            board_category AS categoryId,
            board_category_jp AS categoryName
        FROM board_category
        ORDER BY board_category_jp
    </select>

</mapper>
